idnum,href,full_link,name
74,/wiki/Cruise_ship,https://en.wikipedia.org/wiki/Cruise_ship,CRUISE SHIP
76,/wiki/List_of_ocean_liners,https://en.wikipedia.org/wiki/List_of_ocean_liners,LIST OF OCEAN LINERS
81,/wiki/MS_Achille_Lauro,https://en.wikipedia.org/wiki/MS_Achille_Lauro,MS ACHILLE LAURO
83,/wiki/Nedlloyd,https://en.wikipedia.org/wiki/Nedlloyd,NEDLLOYD
84,/wiki/Achille_Lauro_hijacking,https://en.wikipedia.org/wiki/Achille_Lauro_hijacking,ACHILLE LAURO HIJACKING
86,/wiki/MS_Adriana,https://en.wikipedia.org/wiki/MS_Adriana,MS ADRIANA
90,/wiki/Bridgetown,https://en.wikipedia.org/wiki/Bridgetown,BRIDGETOWN
91,/wiki/Adora_Mediterranea,https://en.wikipedia.org/wiki/Adora_Mediterranea,ADORA MEDITERRANEA
93,/wiki/Adventure_of_the_Seas,https://en.wikipedia.org/wiki/Adventure_of_the_Seas,ADVENTURE OF THE SEAS
96,/wiki/Barbados,https://en.wikipedia.org/wiki/Barbados,BARBADOS
97,/wiki/MS_Aegean_Majesty,https://en.wikipedia.org/wiki/MS_Aegean_Majesty,MS AEGEAN MAJESTY
98,/wiki/Seajets,https://en.wikipedia.org/wiki/Seajets,SEAJETS
100,"/wiki/Gloucester,_Massachusetts","https://en.wikipedia.org/wiki/Gloucester,_Massachusetts","GLOUCESTER, MASSACHUSETTS"
101,/wiki/MV_Aegean_Odyssey,https://en.wikipedia.org/wiki/MV_Aegean_Odyssey,MV AEGEAN ODYSSEY
105,"/wiki/Split,_Croatia","https://en.wikipedia.org/wiki/Split,_Croatia","SPLIT, CROATIA"
106,/wiki/Aegean_Paradise,https://en.wikipedia.org/wiki/Aegean_Paradise,AEGEAN PARADISE
108,/wiki/Rhodes,https://en.wikipedia.org/wiki/Rhodes,RHODES
109,/wiki/AIDAbella,https://en.wikipedia.org/wiki/AIDAbella,AIDABELLA
112,/wiki/Kiel,https://en.wikipedia.org/wiki/Kiel,KIEL
113,/wiki/AIDAblu,https://en.wikipedia.org/wiki/AIDAblu,AIDABLU
116,/wiki/Corfu_(city),https://en.wikipedia.org/wiki/Corfu_(city),CORFU (CITY)
117,/wiki/AIDAcosma,https://en.wikipedia.org/wiki/AIDAcosma,AIDACOSMA
120,/wiki/Meyer_Werft,https://en.wikipedia.org/wiki/Meyer_Werft,MEYER WERFT
121,/wiki/AIDAdiva,https://en.wikipedia.org/wiki/AIDAdiva,AIDADIVA
125,/wiki/AIDAluna,https://en.wikipedia.org/wiki/AIDAluna,AIDALUNA
128,/wiki/Road_Town,https://en.wikipedia.org/wiki/Road_Town,ROAD TOWN
129,/wiki/AIDAmar,https://en.wikipedia.org/wiki/AIDAmar,AIDAMAR
132,/wiki/Hamburg,https://en.wikipedia.org/wiki/Hamburg,HAMBURG
133,/wiki/AIDAnova,https://en.wikipedia.org/wiki/AIDAnova,AIDANOVA
136,/wiki/Meyer_Werft,https://en.wikipedia.org/wiki/Meyer_Werft,MEYER WERFT
137,/wiki/AIDAperla,https://en.wikipedia.org/wiki/AIDAperla,AIDAPERLA
140,/wiki/Le_Havre,https://en.wikipedia.org/wiki/Le_Havre,LE HAVRE
141,/wiki/AIDAprima,https://en.wikipedia.org/wiki/AIDAprima,AIDAPRIMA
144,/wiki/Rotterdam,https://en.wikipedia.org/wiki/Rotterdam,ROTTERDAM
145,/wiki/AIDAsol,https://en.wikipedia.org/wiki/AIDAsol,AIDASOL
148,/wiki/Trondheim,https://en.wikipedia.org/wiki/Trondheim,TRONDHEIM
149,/wiki/AIDAstella,https://en.wikipedia.org/wiki/AIDAstella,AIDASTELLA
152,/wiki/Hamburg,https://en.wikipedia.org/wiki/Hamburg,HAMBURG
153,/wiki/MS_Albatros,https://en.wikipedia.org/wiki/MS_Albatros,MS ALBATROS
154,/wiki/Phoenix_Reisen,https://en.wikipedia.org/wiki/Phoenix_Reisen,PHOENIX REISEN
157,/wiki/Allure_of_the_Seas,https://en.wikipedia.org/wiki/Allure_of_the_Seas,ALLURE OF THE SEAS
160,"/wiki/Falmouth,_Jamaica","https://en.wikipedia.org/wiki/Falmouth,_Jamaica","FALMOUTH, JAMAICA"
161,/wiki/MS_Amadea,https://en.wikipedia.org/wiki/MS_Amadea,MS AMADEA
162,/wiki/Phoenix_Reisen,https://en.wikipedia.org/wiki/Phoenix_Reisen,PHOENIX REISEN
163,/wiki/Nippon_Yusen_Kaisha,https://en.wikipedia.org/wiki/Nippon_Yusen_Kaisha,NIPPON YUSEN KAISHA
165,"/wiki/Split,_Croatia","https://en.wikipedia.org/wiki/Split,_Croatia","SPLIT, CROATIA"
166,/wiki/Pacific_Dawn_(ship),https://en.wikipedia.org/wiki/Pacific_Dawn_(ship),PACIFIC DAWN (SHIP)
169,/wiki/Tallinn,https://en.wikipedia.org/wiki/Tallinn,TALLINN
170,/wiki/MS_Ambition,https://en.wikipedia.org/wiki/MS_Ambition,MS AMBITION
177,/wiki/MS_Amera,https://en.wikipedia.org/wiki/MS_Amera,MS AMERA
178,/wiki/Phoenix_Reisen,https://en.wikipedia.org/wiki/Phoenix_Reisen,PHOENIX REISEN
179,/wiki/SS_America_(1939),https://en.wikipedia.org/wiki/SS_America_(1939),SS AMERICA (1939)
182,/wiki/American_Eagle_(2000_ship),https://en.wikipedia.org/wiki/American_Eagle_(2000_ship),AMERICAN EAGLE (2000 SHIP)
185,/wiki/Boston,https://en.wikipedia.org/wiki/Boston,BOSTON
186,/wiki/American_Glory_(ship),https://en.wikipedia.org/wiki/American_Glory_(ship),AMERICAN GLORY (SHIP)
189,/wiki/SS_Amerikanis,https://en.wikipedia.org/wiki/SS_Amerikanis,SS AMERIKANIS
194,/wiki/Bermuda,https://en.wikipedia.org/wiki/Bermuda,BERMUDA
195,/wiki/RMS_Andes_(1939),https://en.wikipedia.org/wiki/RMS_Andes_(1939),RMS ANDES (1939)
198,/wiki/Anthem_of_the_Seas,https://en.wikipedia.org/wiki/Anthem_of_the_Seas,ANTHEM OF THE SEAS
201,/wiki/Hamburg,https://en.wikipedia.org/wiki/Hamburg,HAMBURG
202,/wiki/SS_Aquarama,https://en.wikipedia.org/wiki/SS_Aquarama,SS AQUARAMA
204,/wiki/Aranui_3,https://en.wikipedia.org/wiki/Aranui_3,ARANUI 3
207,/wiki/Marquesas,https://en.wikipedia.org/wiki/Marquesas,MARQUESAS
208,/wiki/Aranui_5,https://en.wikipedia.org/wiki/Aranui_5,ARANUI 5
210,/wiki/MV_Arcadia_(2004),https://en.wikipedia.org/wiki/MV_Arcadia_(2004),MV ARCADIA (2004)
213,/wiki/Tallinn,https://en.wikipedia.org/wiki/Tallinn,TALLINN
215,/wiki/Arosa_Kulm,https://en.wikipedia.org/wiki/Arosa_Kulm,AROSA KULM
218,/wiki/Arosa_Star,https://en.wikipedia.org/wiki/Arosa_Star,AROSA STAR
220,/wiki/Borinquen_(1931),https://en.wikipedia.org/wiki/Borinquen_(1931),BORINQUEN (1931)
224,/wiki/MV_Artania,https://en.wikipedia.org/wiki/MV_Artania,MV ARTANIA
225,/wiki/Phoenix_Reisen,https://en.wikipedia.org/wiki/Phoenix_Reisen,PHOENIX REISEN
227,/wiki/Tallinn,https://en.wikipedia.org/wiki/Tallinn,TALLINN
228,/wiki/MS_Arvia,https://en.wikipedia.org/wiki/MS_Arvia,MS ARVIA
233,/wiki/COVID-19_pandemic,https://en.wikipedia.org/wiki/COVID-19_pandemic,COVID-19 PANDEMIC
236,/wiki/Marseille,https://en.wikipedia.org/wiki/Marseille,MARSEILLE
237,/wiki/MS_Shota_Rustaveli,https://en.wikipedia.org/wiki/MS_Shota_Rustaveli,MS SHOTA RUSTAVELI
240,/wiki/MS_Astor,https://en.wikipedia.org/wiki/MS_Astor,MS ASTOR
243,/wiki/Fremantle,https://en.wikipedia.org/wiki/Fremantle,FREMANTLE
244,/wiki/MV_Astoria,https://en.wikipedia.org/wiki/MV_Astoria,MV ASTORIA
245,/wiki/Brock_Pierce,https://en.wikipedia.org/wiki/Brock_Pierce,BROCK PIERCE
247,/wiki/Thames_Estuary,https://en.wikipedia.org/wiki/Thames_Estuary,THAMES ESTUARY
248,/wiki/Astoria_Grande,https://en.wikipedia.org/wiki/Astoria_Grande,ASTORIA GRANDE
250,/wiki/MS_Asuka_II,https://en.wikipedia.org/wiki/MS_Asuka_II,MS ASUKA II
251,/wiki/Nippon_Yusen_Kaisha,https://en.wikipedia.org/wiki/Nippon_Yusen_Kaisha,NIPPON YUSEN KAISHA
253,/wiki/Kobe,https://en.wikipedia.org/wiki/Kobe,KOBE
254,/wiki/Atlantic_Star_(cruise_ship),https://en.wikipedia.org/wiki/Atlantic_Star_(cruise_ship),ATLANTIC STAR (CRUISE SHIP)
257,/wiki/MV_Aurora_(2000),https://en.wikipedia.org/wiki/MV_Aurora_(2000),MV AURORA (2000)
260,/wiki/Santorini,https://en.wikipedia.org/wiki/Santorini,SANTORINI
261,/wiki/SS_Ivory,https://en.wikipedia.org/wiki/SS_Ivory,SS IVORY
264,/wiki/Genoa,https://en.wikipedia.org/wiki/Genoa,GENOA
265,/wiki/Azamara_Journey,https://en.wikipedia.org/wiki/Azamara_Journey,AZAMARA JOURNEY
266,/wiki/Azamara,https://en.wikipedia.org/wiki/Azamara,AZAMARA
270,/wiki/Fremantle,https://en.wikipedia.org/wiki/Fremantle,FREMANTLE
271,/wiki/Azamara_Pursuit,https://en.wikipedia.org/wiki/Azamara_Pursuit,AZAMARA PURSUIT
272,/wiki/Azamara,https://en.wikipedia.org/wiki/Azamara,AZAMARA
274,/wiki/Swan_Hellenic,https://en.wikipedia.org/wiki/Swan_Hellenic,SWAN HELLENIC
276,/wiki/Fathom_(cruise_line),https://en.wikipedia.org/wiki/Fathom_(cruise_line),FATHOM (CRUISE LINE)
277,/wiki/Azamara,https://en.wikipedia.org/wiki/Azamara,AZAMARA
279,/wiki/Azamara_Quest,https://en.wikipedia.org/wiki/Azamara_Quest,AZAMARA QUEST
280,/wiki/Azamara,https://en.wikipedia.org/wiki/Azamara,AZAMARA
282,/wiki/Blue_Moon_Ship,https://en.wikipedia.org/wiki/Blue_Moon_Ship,BLUE MOON SHIP
285,"/wiki/Split,_Croatia","https://en.wikipedia.org/wiki/Split,_Croatia","SPLIT, CROATIA"
286,/wiki/Azura_(ship),https://en.wikipedia.org/wiki/Azura_(ship),AZURA (SHIP)
289,/wiki/Tortola,https://en.wikipedia.org/wiki/Tortola,TORTOLA
290,/wiki/MS_Bahamas_Celebration,https://en.wikipedia.org/wiki/MS_Bahamas_Celebration,MS BAHAMAS CELEBRATION
292,/wiki/MV_Balmoral_(2008),https://en.wikipedia.org/wiki/MV_Balmoral_(2008),MV BALMORAL (2008)
295,/wiki/Antwerp,https://en.wikipedia.org/wiki/Antwerp,ANTWERP
297,/wiki/Companhia_Colonial_de_Navegacao,https://en.wikipedia.org/wiki/Companhia_Colonial_de_Navegacao,COMPANHIA COLONIAL DE NAVEGACAO
298,/wiki/MS_Celestyal_Olympia,https://en.wikipedia.org/wiki/MS_Celestyal_Olympia,MS CELESTYAL OLYMPIA
300,/wiki/SS_Monterey,https://en.wikipedia.org/wiki/SS_Monterey,SS MONTEREY
302,/wiki/Cape_of_Good_Hope,https://en.wikipedia.org/wiki/Cape_of_Good_Hope,CAPE OF GOOD HOPE
303,/wiki/MV_Bianca_C.,https://en.wikipedia.org/wiki/MV_Bianca_C.,MV BIANCA C.
305,/wiki/RMS_Transvaal_Castle,https://en.wikipedia.org/wiki/RMS_Transvaal_Castle,RMS TRANSVAAL CASTLE
307,/wiki/MS_Birka_Gotland,https://en.wikipedia.org/wiki/MS_Birka_Gotland,MS BIRKA GOTLAND
310,/wiki/Mariehamn,https://en.wikipedia.org/wiki/Mariehamn,MARIEHAMN
311,/wiki/MS_Black_Watch_(1971),https://en.wikipedia.org/wiki/MS_Black_Watch_(1971),MS BLACK WATCH (1971)
313,/wiki/AIDAvita,https://en.wikipedia.org/wiki/AIDAvita,AIDAVITA
314,/wiki/MS_Amsterdam,https://en.wikipedia.org/wiki/MS_Amsterdam,MS AMSTERDAM
316,/wiki/MS_Bore,https://en.wikipedia.org/wiki/MS_Bore,MS BORE
318,/wiki/Turku,https://en.wikipedia.org/wiki/Turku,TURKU
320,/wiki/Turku,https://en.wikipedia.org/wiki/Turku,TURKU
321,/wiki/MS_Borealis,https://en.wikipedia.org/wiki/MS_Borealis,MS BOREALIS
323,/wiki/MV_Boudicca,https://en.wikipedia.org/wiki/MV_Boudicca,MV BOUDICCA
325,/wiki/MS_Brahe,https://en.wikipedia.org/wiki/MS_Brahe,MS BRAHE
327,/wiki/MS_Bremen,https://en.wikipedia.org/wiki/MS_Bremen,MS BREMEN
329,/wiki/Brilliance_of_the_Seas,https://en.wikipedia.org/wiki/Brilliance_of_the_Seas,BRILLIANCE OF THE SEAS
331,/wiki/MV_Britannia_(2015),https://en.wikipedia.org/wiki/MV_Britannia_(2015),MV BRITANNIA (2015)
333,/wiki/MS_The_Calypso,https://en.wikipedia.org/wiki/MS_The_Calypso,MS THE CALYPSO
336,/wiki/SS_Canberra,https://en.wikipedia.org/wiki/SS_Canberra,SS CANBERRA
338,/wiki/Caribbean_Princess,https://en.wikipedia.org/wiki/Caribbean_Princess,CARIBBEAN PRINCESS
341,"/wiki/Cobh,_Ireland","https://en.wikipedia.org/wiki/Cobh,_Ireland","COBH, IRELAND"
342,/wiki/Carnival_Adventure,https://en.wikipedia.org/wiki/Carnival_Adventure,CARNIVAL ADVENTURE
344,/wiki/Carnival_Breeze,https://en.wikipedia.org/wiki/Carnival_Breeze,CARNIVAL BREEZE
346,/wiki/Carnival_Celebration,https://en.wikipedia.org/wiki/Carnival_Celebration,CARNIVAL CELEBRATION
349,/wiki/Funchal,https://en.wikipedia.org/wiki/Funchal,FUNCHAL
350,/wiki/Carnival_Conquest,https://en.wikipedia.org/wiki/Carnival_Conquest,CARNIVAL CONQUEST
352,/wiki/Carnival_Dream,https://en.wikipedia.org/wiki/Carnival_Dream,CARNIVAL DREAM
354,/wiki/Carnival_Ecstasy,https://en.wikipedia.org/wiki/Carnival_Ecstasy,CARNIVAL ECSTASY
356,/wiki/Carnival_Elation,https://en.wikipedia.org/wiki/Carnival_Elation,CARNIVAL ELATION
358,/wiki/Carnival_Encounter,https://en.wikipedia.org/wiki/Carnival_Encounter,CARNIVAL ENCOUNTER
361,/wiki/Carnival_Fantasy,https://en.wikipedia.org/wiki/Carnival_Fantasy,CARNIVAL FANTASY
363,/wiki/Carnival_Fascination,https://en.wikipedia.org/wiki/Carnival_Fascination,CARNIVAL FASCINATION
365,/wiki/Carnival_Firenze,https://en.wikipedia.org/wiki/Carnival_Firenze,CARNIVAL FIRENZE
367,/wiki/Carnival_Freedom,https://en.wikipedia.org/wiki/Carnival_Freedom,CARNIVAL FREEDOM
370,/wiki/Port_Canaveral,https://en.wikipedia.org/wiki/Port_Canaveral,PORT CANAVERAL
371,/wiki/Carnival_Glory,https://en.wikipedia.org/wiki/Carnival_Glory,CARNIVAL GLORY
373,/wiki/Carnival_Horizon,https://en.wikipedia.org/wiki/Carnival_Horizon,CARNIVAL HORIZON
375,/wiki/Carnival_Imagination,https://en.wikipedia.org/wiki/Carnival_Imagination,CARNIVAL IMAGINATION
377,/wiki/Carnival_Inspiration,https://en.wikipedia.org/wiki/Carnival_Inspiration,CARNIVAL INSPIRATION
379,/wiki/MS_Jubilee,https://en.wikipedia.org/wiki/MS_Jubilee,MS JUBILEE
381,/wiki/Carnival_Jubilee,https://en.wikipedia.org/wiki/Carnival_Jubilee,CARNIVAL JUBILEE
384,/wiki/Cozumel,https://en.wikipedia.org/wiki/Cozumel,COZUMEL
385,/wiki/Carnival_Legend,https://en.wikipedia.org/wiki/Carnival_Legend,CARNIVAL LEGEND
387,/wiki/Carnival_Liberty,https://en.wikipedia.org/wiki/Carnival_Liberty,CARNIVAL LIBERTY
389,/wiki/Carnival_Luminosa,https://en.wikipedia.org/wiki/Carnival_Luminosa,CARNIVAL LUMINOSA
392,/wiki/Brisbane,https://en.wikipedia.org/wiki/Brisbane,BRISBANE
393,/wiki/Carnival_Magic,https://en.wikipedia.org/wiki/Carnival_Magic,CARNIVAL MAGIC
396,/wiki/Port_Canaveral,https://en.wikipedia.org/wiki/Port_Canaveral,PORT CANAVERAL
397,/wiki/Carnival_Miracle,https://en.wikipedia.org/wiki/Carnival_Miracle,CARNIVAL MIRACLE
400,/wiki/Carnival_Panorama,https://en.wikipedia.org/wiki/Carnival_Panorama,CARNIVAL PANORAMA
403,/wiki/Carnival_Paradise,https://en.wikipedia.org/wiki/Carnival_Paradise,CARNIVAL PARADISE
406,/wiki/Carnival_Pride,https://en.wikipedia.org/wiki/Carnival_Pride,CARNIVAL PRIDE
409,/wiki/Kiel,https://en.wikipedia.org/wiki/Kiel,KIEL
410,/wiki/Carnival_Radiance,https://en.wikipedia.org/wiki/Carnival_Radiance,CARNIVAL RADIANCE
413,/wiki/Carnival_Sensation,https://en.wikipedia.org/wiki/Carnival_Sensation,CARNIVAL SENSATION
416,/wiki/Carnival_Spirit,https://en.wikipedia.org/wiki/Carnival_Spirit,CARNIVAL SPIRIT
419,/wiki/Sydney,https://en.wikipedia.org/wiki/Sydney,SYDNEY
420,/wiki/Carnival_Splendor,https://en.wikipedia.org/wiki/Carnival_Splendor,CARNIVAL SPLENDOR
423,/wiki/Circular_Quay,https://en.wikipedia.org/wiki/Circular_Quay,CIRCULAR QUAY
424,/wiki/Sydney,https://en.wikipedia.org/wiki/Sydney,SYDNEY
425,/wiki/Carnival_Sunrise,https://en.wikipedia.org/wiki/Carnival_Sunrise,CARNIVAL SUNRISE
428,"/wiki/Nassau,_Bahamas","https://en.wikipedia.org/wiki/Nassau,_Bahamas","NASSAU, BAHAMAS"
429,/wiki/Carnival_Sunshine,https://en.wikipedia.org/wiki/Carnival_Sunshine,CARNIVAL SUNSHINE
432,/wiki/Carnival_Valor,https://en.wikipedia.org/wiki/Carnival_Valor,CARNIVAL VALOR
435,/wiki/Costa_Maya,https://en.wikipedia.org/wiki/Costa_Maya,COSTA MAYA
436,/wiki/Carnival_Venezia,https://en.wikipedia.org/wiki/Carnival_Venezia,CARNIVAL VENEZIA
439,/wiki/Bermuda,https://en.wikipedia.org/wiki/Bermuda,BERMUDA
440,/wiki/Carnival_Vista,https://en.wikipedia.org/wiki/Carnival_Vista,CARNIVAL VISTA
443,/wiki/Willemstad,https://en.wikipedia.org/wiki/Willemstad,WILLEMSTAD
444,/wiki/Celebrity_Century,https://en.wikipedia.org/wiki/Celebrity_Century,CELEBRITY CENTURY
446,/wiki/Marella_Discovery_2,https://en.wikipedia.org/wiki/Marella_Discovery_2,MARELLA DISCOVERY 2
447,/wiki/Celebrity_Constellation,https://en.wikipedia.org/wiki/Celebrity_Constellation,CELEBRITY CONSTELLATION
449,/wiki/Celebrity_Eclipse,https://en.wikipedia.org/wiki/Celebrity_Eclipse,CELEBRITY ECLIPSE
451,/wiki/Celebrity_Equinox,https://en.wikipedia.org/wiki/Celebrity_Equinox,CELEBRITY EQUINOX
453,/wiki/Celebrity_Infinity,https://en.wikipedia.org/wiki/Celebrity_Infinity,CELEBRITY INFINITY
455,/wiki/Celebrity_Millennium,https://en.wikipedia.org/wiki/Celebrity_Millennium,CELEBRITY MILLENNIUM
457,/wiki/Celebrity_Reflection,https://en.wikipedia.org/wiki/Celebrity_Reflection,CELEBRITY REFLECTION
459,/wiki/Celebrity_Silhouette,https://en.wikipedia.org/wiki/Celebrity_Silhouette,CELEBRITY SILHOUETTE
461,/wiki/Celebrity_Solstice,https://en.wikipedia.org/wiki/Celebrity_Solstice,CELEBRITY SOLSTICE
463,/wiki/Celebrity_Summit,https://en.wikipedia.org/wiki/Celebrity_Summit,CELEBRITY SUMMIT
465,/wiki/Celebrity_Xpedition,https://en.wikipedia.org/wiki/Celebrity_Xpedition,CELEBRITY XPEDITION
467,/wiki/Celestyal_Crystal,https://en.wikipedia.org/wiki/Celestyal_Crystal,CELESTYAL CRYSTAL
469,/wiki/Celestyal_Discovery,https://en.wikipedia.org/wiki/Celestyal_Discovery,CELESTYAL DISCOVERY
471,/wiki/Celestyal_Journey,https://en.wikipedia.org/wiki/Celestyal_Journey,CELESTYAL JOURNEY
473,/wiki/MV_China_Star,https://en.wikipedia.org/wiki/MV_China_Star,MV CHINA STAR
475,/wiki/MS_Clio,https://en.wikipedia.org/wiki/MS_Clio,MS CLIO
477,/wiki/MV_Clipper_Adventurer,https://en.wikipedia.org/wiki/MV_Clipper_Adventurer,MV CLIPPER ADVENTURER
478,/wiki/Clipper_Group,https://en.wikipedia.org/wiki/Clipper_Group,CLIPPER GROUP
479,/wiki/Clipper_Odyssey,https://en.wikipedia.org/wiki/Clipper_Odyssey,CLIPPER ODYSSEY
480,/wiki/Clipper_Group,https://en.wikipedia.org/wiki/Clipper_Group,CLIPPER GROUP
481,/wiki/Club_Med_2,https://en.wikipedia.org/wiki/Club_Med_2,CLUB MED 2
482,/wiki/Club_Med,https://en.wikipedia.org/wiki/Club_Med,CLUB MED
483,/wiki/MV_Columbus,https://en.wikipedia.org/wiki/MV_Columbus,MV COLUMBUS
485,/wiki/SS_Constitution,https://en.wikipedia.org/wiki/SS_Constitution,SS CONSTITUTION
487,/wiki/MV_Coral,https://en.wikipedia.org/wiki/MV_Coral,MV CORAL
489,/wiki/Coral_Princess,https://en.wikipedia.org/wiki/Coral_Princess,CORAL PRINCESS
491,/wiki/Costa_Allegra,https://en.wikipedia.org/wiki/Costa_Allegra,COSTA ALLEGRA
493,/wiki/Costa_Concordia,https://en.wikipedia.org/wiki/Costa_Concordia,COSTA CONCORDIA
495,/wiki/Costa_Concordia_disaster,https://en.wikipedia.org/wiki/Costa_Concordia_disaster,COSTA CONCORDIA DISASTER
496,/wiki/Isola_del_Giglio,https://en.wikipedia.org/wiki/Isola_del_Giglio,ISOLA DEL GIGLIO
497,/wiki/Costa_Deliziosa,https://en.wikipedia.org/wiki/Costa_Deliziosa,COSTA DELIZIOSA
499,/wiki/Costa_Diadema,https://en.wikipedia.org/wiki/Costa_Diadema,COSTA DIADEMA
501,/wiki/Costa_Fascinosa,https://en.wikipedia.org/wiki/Costa_Fascinosa,COSTA FASCINOSA
503,/wiki/Costa_Favolosa,https://en.wikipedia.org/wiki/Costa_Favolosa,COSTA FAVOLOSA
505,/wiki/Costa_Fortuna,https://en.wikipedia.org/wiki/Costa_Fortuna,COSTA FORTUNA
507,/wiki/Costa_Magica,https://en.wikipedia.org/wiki/Costa_Magica,COSTA MAGICA
509,/wiki/Costa_neoRomantica,https://en.wikipedia.org/wiki/Costa_neoRomantica,COSTA NEOROMANTICA
511,/wiki/Costa_Pacifica,https://en.wikipedia.org/wiki/Costa_Pacifica,COSTA PACIFICA
512,/wiki/Costa_Crociere,https://en.wikipedia.org/wiki/Costa_Crociere,COSTA CROCIERE
513,/wiki/Costa_Serena,https://en.wikipedia.org/wiki/Costa_Serena,COSTA SERENA
515,/wiki/Costa_Victoria,https://en.wikipedia.org/wiki/Costa_Victoria,COSTA VICTORIA
517,/wiki/Costa_Voyager,https://en.wikipedia.org/wiki/Costa_Voyager,COSTA VOYAGER
519,/wiki/Crown_Princess_(2005),https://en.wikipedia.org/wiki/Crown_Princess_(2005),CROWN PRINCESS (2005)
521,/wiki/Crystal_Serenity,https://en.wikipedia.org/wiki/Crystal_Serenity,CRYSTAL SERENITY
523,/wiki/Crystal_Symphony,https://en.wikipedia.org/wiki/Crystal_Symphony,CRYSTAL SYMPHONY
525,/wiki/Cunard_Ambassador,https://en.wikipedia.org/wiki/Cunard_Ambassador,CUNARD AMBASSADOR
527,/wiki/MV_Delphin,https://en.wikipedia.org/wiki/MV_Delphin,MV DELPHIN
530,/wiki/Diamond_Princess_(ship),https://en.wikipedia.org/wiki/Diamond_Princess_(ship),DIAMOND PRINCESS (SHIP)
532,/wiki/MV_Discovery,https://en.wikipedia.org/wiki/MV_Discovery,MV DISCOVERY
537,/wiki/Discovery_Princess,https://en.wikipedia.org/wiki/Discovery_Princess,DISCOVERY PRINCESS
539,/wiki/Disney_Dream,https://en.wikipedia.org/wiki/Disney_Dream,DISNEY DREAM
541,/wiki/Disney_Fantasy,https://en.wikipedia.org/wiki/Disney_Fantasy,DISNEY FANTASY
543,/wiki/Disney_Magic,https://en.wikipedia.org/wiki/Disney_Magic,DISNEY MAGIC
545,/wiki/Disney_Wish,https://en.wikipedia.org/wiki/Disney_Wish,DISNEY WISH
547,/wiki/Disney_Wonder,https://en.wikipedia.org/wiki/Disney_Wonder,DISNEY WONDER
550,/wiki/SS_Dolphin_IV,https://en.wikipedia.org/wiki/SS_Dolphin_IV,SS DOLPHIN IV
552,/wiki/EasyCruiseOne,https://en.wikipedia.org/wiki/EasyCruiseOne,EASYCRUISEONE
553,/wiki/EasyCruise,https://en.wikipedia.org/wiki/EasyCruise,EASYCRUISE
555,/wiki/SS_The_Emerald,https://en.wikipedia.org/wiki/SS_The_Emerald,SS THE EMERALD
558,/wiki/Emerald_Princess,https://en.wikipedia.org/wiki/Emerald_Princess,EMERALD PRINCESS
560,/wiki/Empress_of_the_Seas,https://en.wikipedia.org/wiki/Empress_of_the_Seas,EMPRESS OF THE SEAS
562,/wiki/RMS_Empress_of_Canada_(1960),https://en.wikipedia.org/wiki/RMS_Empress_of_Canada_(1960),RMS EMPRESS OF CANADA (1960)
563,/wiki/CP_Ships,https://en.wikipedia.org/wiki/CP_Ships,CP SHIPS
567,/wiki/MS_Enchanted_Capri,https://en.wikipedia.org/wiki/MS_Enchanted_Capri,MS ENCHANTED CAPRI
570,/wiki/Island_Holiday,https://en.wikipedia.org/wiki/Island_Holiday,ISLAND HOLIDAY
573,/wiki/Enchanted_Princess,https://en.wikipedia.org/wiki/Enchanted_Princess,ENCHANTED PRINCESS
575,/wiki/SS_Enchanted_Seas_(1957),https://en.wikipedia.org/wiki/SS_Enchanted_Seas_(1957),SS ENCHANTED SEAS (1957)
577,/wiki/Enchantment_of_the_Seas,https://en.wikipedia.org/wiki/Enchantment_of_the_Seas,ENCHANTMENT OF THE SEAS
581,/wiki/Costa_Crosiere,https://en.wikipedia.org/wiki/Costa_Crosiere,COSTA CROSIERE
582,/wiki/SS_Eugenio_C,https://en.wikipedia.org/wiki/SS_Eugenio_C,SS EUGENIO C
583,/wiki/Costa_Crosiere,https://en.wikipedia.org/wiki/Costa_Crosiere,COSTA CROSIERE
584,/wiki/MS_Eurodam,https://en.wikipedia.org/wiki/MS_Eurodam,MS EURODAM
586,/wiki/MS_Europa_(1999),https://en.wikipedia.org/wiki/MS_Europa_(1999),MS EUROPA (1999)
588,/wiki/MV_Explorer_(1969),https://en.wikipedia.org/wiki/MV_Explorer_(1969),MV EXPLORER (1969)
589,/wiki/G_Adventures,https://en.wikipedia.org/wiki/G_Adventures,G ADVENTURES
591,/wiki/Explorer_Dream,https://en.wikipedia.org/wiki/Explorer_Dream,EXPLORER DREAM
593,/wiki/Explorer_of_the_Seas,https://en.wikipedia.org/wiki/Explorer_of_the_Seas,EXPLORER OF THE SEAS
595,/wiki/Exploris_One,https://en.wikipedia.org/wiki/Exploris_One,EXPLORIS ONE
596,/wiki/Exploris,https://en.wikipedia.org/wiki/Exploris,EXPLORIS
597,/wiki/RMS_Carinthia_(1955),https://en.wikipedia.org/wiki/RMS_Carinthia_(1955),RMS CARINTHIA (1955)
599,/wiki/RMS_Carinthia_(1955),https://en.wikipedia.org/wiki/RMS_Carinthia_(1955),RMS CARINTHIA (1955)
600,/wiki/Fairsky,https://en.wikipedia.org/wiki/Fairsky,FAIRSKY
602,/wiki/TSS_Fairstar,https://en.wikipedia.org/wiki/TSS_Fairstar,TSS FAIRSTAR
605,/wiki/RMS_Ivernia,https://en.wikipedia.org/wiki/RMS_Ivernia,RMS IVERNIA
606,/wiki/Far_East_Shipping_Company,https://en.wikipedia.org/wiki/Far_East_Shipping_Company,FAR EAST SHIPPING COMPANY
607,/wiki/50_Let_Pobedy,https://en.wikipedia.org/wiki/50_Let_Pobedy,50 LET POBEDY
610,/wiki/RMS_Fort_Victoria,https://en.wikipedia.org/wiki/RMS_Fort_Victoria,RMS FORT VICTORIA
611,/wiki/USAHS_Algonquin,https://en.wikipedia.org/wiki/USAHS_Algonquin,USAHS ALGONQUIN
612,/wiki/MS_Fram,https://en.wikipedia.org/wiki/MS_Fram,MS FRAM
613,/wiki/Hurtigruten,https://en.wikipedia.org/wiki/Hurtigruten,HURTIGRUTEN
615,/wiki/Brown_Station,https://en.wikipedia.org/wiki/Brown_Station,BROWN STATION
616,/wiki/MV_Doulos_Phos,https://en.wikipedia.org/wiki/MV_Doulos_Phos,MV DOULOS PHOS
619,/wiki/MV_Doulos_Phos,https://en.wikipedia.org/wiki/MV_Doulos_Phos,MV DOULOS PHOS
621,/wiki/RMS_Ivernia,https://en.wikipedia.org/wiki/RMS_Ivernia,RMS IVERNIA
623,/wiki/MS_Freedom_of_the_Seas,https://en.wikipedia.org/wiki/MS_Freedom_of_the_Seas,MS FREEDOM OF THE SEAS
625,/wiki/Freewinds,https://en.wikipedia.org/wiki/Freewinds,FREEWINDS
626,/wiki/Church_of_Scientology,https://en.wikipedia.org/wiki/Church_of_Scientology,CHURCH OF SCIENTOLOGY
627,/wiki/MV_Galapagos_Legend,https://en.wikipedia.org/wiki/MV_Galapagos_Legend,MV GALAPAGOS LEGEND
629,/wiki/MS_Gemini,https://en.wikipedia.org/wiki/MS_Gemini,MS GEMINI
631,/wiki/Genting_Dream,https://en.wikipedia.org/wiki/Genting_Dream,GENTING DREAM
637,/wiki/Golden_Horizon,https://en.wikipedia.org/wiki/Golden_Horizon,GOLDEN HORIZON
639,/wiki/Gross_tonnage,https://en.wikipedia.org/wiki/Gross_tonnage,GROSS TONNAGE
640,/wiki/MS_Golden_Iris,https://en.wikipedia.org/wiki/MS_Golden_Iris,MS GOLDEN IRIS
641,/wiki/Mano_Maritime,https://en.wikipedia.org/wiki/Mano_Maritime,MANO MARITIME
642,/wiki/MS_Golden_Princess_(2000),https://en.wikipedia.org/wiki/MS_Golden_Princess_(2000),MS GOLDEN PRINCESS (2000)
644,/wiki/Finnlines,https://en.wikipedia.org/wiki/Finnlines,FINNLINES
645,/wiki/Grand_Celebration,https://en.wikipedia.org/wiki/Grand_Celebration,GRAND CELEBRATION
647,/wiki/Grand_Princess,https://en.wikipedia.org/wiki/Grand_Princess,GRAND PRINCESS
649,/wiki/Grandeur_of_the_Seas,https://en.wikipedia.org/wiki/Grandeur_of_the_Seas,GRANDEUR OF THE SEAS
651,/wiki/MS_Gripsholm_(1924),https://en.wikipedia.org/wiki/MS_Gripsholm_(1924),MS GRIPSHOLM (1924)
654,/wiki/MS_Gripsholm_(1957),https://en.wikipedia.org/wiki/MS_Gripsholm_(1957),MS GRIPSHOLM (1957)
657,/wiki/MS_Kungsholm_(1952),https://en.wikipedia.org/wiki/MS_Kungsholm_(1952),MS KUNGSHOLM (1952)
661,/wiki/MS_Hamburg,https://en.wikipedia.org/wiki/MS_Hamburg,MS HAMBURG
663,/wiki/Hapag-Lloyd,https://en.wikipedia.org/wiki/Hapag-Lloyd,HAPAG-LLOYD
664,/wiki/RMS_Empress_of_Japan_(1929),https://en.wikipedia.org/wiki/RMS_Empress_of_Japan_(1929),RMS EMPRESS OF JAPAN (1929)
667,/wiki/Empress_of_Japan_(1930),https://en.wikipedia.org/wiki/Empress_of_Japan_(1930),EMPRESS OF JAPAN (1930)
669,/wiki/Harmony_of_the_Seas,https://en.wikipedia.org/wiki/Harmony_of_the_Seas,HARMONY OF THE SEAS
670,/wiki/Harmony_Princess,https://en.wikipedia.org/wiki/Harmony_Princess,HARMONY PRINCESS
671,/wiki/MV_Hebridean_Princess,https://en.wikipedia.org/wiki/MV_Hebridean_Princess,MV HEBRIDEAN PRINCESS
673,/wiki/Heritage_Adventurer,https://en.wikipedia.org/wiki/Heritage_Adventurer,HERITAGE ADVENTURER
674,/wiki/Heritage_Expeditions,https://en.wikipedia.org/wiki/Heritage_Expeditions,HERITAGE EXPEDITIONS
675,/wiki/SS_Mariposa_(1931),https://en.wikipedia.org/wiki/SS_Mariposa_(1931),SS MARIPOSA (1931)
678,/wiki/MV_Horizon,https://en.wikipedia.org/wiki/MV_Horizon,MV HORIZON
680,/wiki/Icon_of_the_Seas,https://en.wikipedia.org/wiki/Icon_of_the_Seas,ICON OF THE SEAS
683,/wiki/SS_Independence,https://en.wikipedia.org/wiki/SS_Independence,SS INDEPENDENCE
685,/wiki/Independence_(cruise_ship),https://en.wikipedia.org/wiki/Independence_(cruise_ship),INDEPENDENCE (CRUISE SHIP)
687,/wiki/Independence_of_the_Seas,https://en.wikipedia.org/wiki/Independence_of_the_Seas,INDEPENDENCE OF THE SEAS
689,/wiki/MS_Insignia,https://en.wikipedia.org/wiki/MS_Insignia,MS INSIGNIA
691,/wiki/MS_Iona,https://en.wikipedia.org/wiki/MS_Iona,MS IONA
694,/wiki/Cadiz,https://en.wikipedia.org/wiki/Cadiz,CADIZ
695,/wiki/MS_Island_Escape,https://en.wikipedia.org/wiki/MS_Island_Escape,MS ISLAND ESCAPE
697,/wiki/MS_Island_Princess_(2002),https://en.wikipedia.org/wiki/MS_Island_Princess_(2002),MS ISLAND PRINCESS (2002)
699,/wiki/MS_Island_Sky,https://en.wikipedia.org/wiki/MS_Island_Sky,MS ISLAND SKY
701,/wiki/MS_Ivan_Franko,https://en.wikipedia.org/wiki/MS_Ivan_Franko,MS IVAN FRANKO
702,/wiki/Black_Sea_Shipping_Company,https://en.wikipedia.org/wiki/Black_Sea_Shipping_Company,BLACK SEA SHIPPING COMPANY
703,/wiki/Jewel_of_the_Seas,https://en.wikipedia.org/wiki/Jewel_of_the_Seas,JEWEL OF THE SEAS
705,/wiki/Karnika,https://en.wikipedia.org/wiki/Karnika,KARNIKA
709,/wiki/MS_Royal_Iris,https://en.wikipedia.org/wiki/MS_Royal_Iris,MS ROYAL IRIS
711,/wiki/MS_Koningsdam,https://en.wikipedia.org/wiki/MS_Koningsdam,MS KONINGSDAM
713,/wiki/MS_Kungsholm_(1953),https://en.wikipedia.org/wiki/MS_Kungsholm_(1953),MS KUNGSHOLM (1953)
720,/wiki/Le_Bellot,https://en.wikipedia.org/wiki/Le_Bellot,LE BELLOT
724,/wiki/Le_Bougainville,https://en.wikipedia.org/wiki/Le_Bougainville,LE BOUGAINVILLE
726,/wiki/Le_Champlain,https://en.wikipedia.org/wiki/Le_Champlain,LE CHAMPLAIN
728,/wiki/Le_Commandant_Charcot,https://en.wikipedia.org/wiki/Le_Commandant_Charcot,LE COMMANDANT CHARCOT
730,/wiki/Le_Diamant_(cruise_ship),https://en.wikipedia.org/wiki/Le_Diamant_(cruise_ship),LE DIAMANT (CRUISE SHIP)
735,/wiki/Le_Jacques_Cartier,https://en.wikipedia.org/wiki/Le_Jacques_Cartier,LE JACQUES CARTIER
741,/wiki/Le_Lyrial,https://en.wikipedia.org/wiki/Le_Lyrial,LE LYRIAL
743,/wiki/Le_Ponant,https://en.wikipedia.org/wiki/Le_Ponant,LE PONANT
749,/wiki/MV_Leisure_World,https://en.wikipedia.org/wiki/MV_Leisure_World,MV LEISURE WORLD
751,/wiki/SS_Leonardo_da_Vinci_(1960),https://en.wikipedia.org/wiki/SS_Leonardo_da_Vinci_(1960),SS LEONARDO DA VINCI (1960)
754,/wiki/Black_Sea_Shipping_Company,https://en.wikipedia.org/wiki/Black_Sea_Shipping_Company,BLACK SEA SHIPPING COMPANY
755,/wiki/Liberty_of_the_Seas,https://en.wikipedia.org/wiki/Liberty_of_the_Seas,LIBERTY OF THE SEAS
757,/wiki/MS_Lofoten,https://en.wikipedia.org/wiki/MS_Lofoten,MS LOFOTEN
758,/wiki/Hurtigruten,https://en.wikipedia.org/wiki/Hurtigruten,HURTIGRUTEN
760,/wiki/Caledonian_Canal,https://en.wikipedia.org/wiki/Caledonian_Canal,CALEDONIAN CANAL
761,/wiki/MV_Lyubov_Orlova,https://en.wikipedia.org/wiki/MV_Lyubov_Orlova,MV LYUBOV ORLOVA
762,/wiki/MS_Maasdam,https://en.wikipedia.org/wiki/MS_Maasdam,MS MAASDAM
765,"/wiki/MS_Magellan_(ship,_1985)","https://en.wikipedia.org/wiki/MS_Magellan_(ship,_1985)","MS MAGELLAN (SHIP, 1985)"
767,/wiki/Alang,https://en.wikipedia.org/wiki/Alang,ALANG
768,/wiki/Majestic_Princess,https://en.wikipedia.org/wiki/Majestic_Princess,MAJESTIC PRINCESS
770,/wiki/Majesty_of_the_Seas,https://en.wikipedia.org/wiki/Majesty_of_the_Seas,MAJESTY OF THE SEAS
771,/wiki/Seajets,https://en.wikipedia.org/wiki/Seajets,SEAJETS
773,/wiki/MS_Manara,https://en.wikipedia.org/wiki/MS_Manara,MS MANARA
774,/wiki/Mandalay_(ship),https://en.wikipedia.org/wiki/Mandalay_(ship),MANDALAY (SHIP)
777,/wiki/MS_Marco_Polo,https://en.wikipedia.org/wiki/MS_Marco_Polo,MS MARCO POLO
779,/wiki/Transocean_Tours,https://en.wikipedia.org/wiki/Transocean_Tours,TRANSOCEAN TOURS
780,/wiki/Alang,https://en.wikipedia.org/wiki/Alang,ALANG
781,/wiki/Mardi_Gras_(2020_ship),https://en.wikipedia.org/wiki/Mardi_Gras_(2020_ship),MARDI GRAS (2020 SHIP)
784,/wiki/MS_Marella_Celebration,https://en.wikipedia.org/wiki/MS_Marella_Celebration,MS MARELLA CELEBRATION
787,/wiki/Marella_Discovery,https://en.wikipedia.org/wiki/Marella_Discovery,MARELLA DISCOVERY
791,/wiki/Marella_Discovery_2,https://en.wikipedia.org/wiki/Marella_Discovery_2,MARELLA DISCOVERY 2
793,/wiki/MS_Marella_Dream,https://en.wikipedia.org/wiki/MS_Marella_Dream,MS MARELLA DREAM
796,/wiki/Marella_Explorer,https://en.wikipedia.org/wiki/Marella_Explorer,MARELLA EXPLORER
800,/wiki/MS_Marella_Spirit,https://en.wikipedia.org/wiki/MS_Marella_Spirit,MS MARELLA SPIRIT
804,/wiki/Alang,https://en.wikipedia.org/wiki/Alang,ALANG
805,/wiki/Margaritaville_at_Sea_Islander,https://en.wikipedia.org/wiki/Margaritaville_at_Sea_Islander,MARGARITAVILLE AT SEA ISLANDER
806,/wiki/Margaritaville_at_Sea,https://en.wikipedia.org/wiki/Margaritaville_at_Sea,MARGARITAVILLE AT SEA
807,/wiki/Margaritaville_at_Sea_Paradise,https://en.wikipedia.org/wiki/Margaritaville_at_Sea_Paradise,MARGARITAVILLE AT SEA PARADISE
808,/wiki/Margaritaville_at_Sea,https://en.wikipedia.org/wiki/Margaritaville_at_Sea,MARGARITAVILLE AT SEA
809,/wiki/MS_Marina,https://en.wikipedia.org/wiki/MS_Marina,MS MARINA
811,/wiki/Mariner_of_the_Seas,https://en.wikipedia.org/wiki/Mariner_of_the_Seas,MARINER OF THE SEAS
813,/wiki/RMS_Mauretania_(1906),https://en.wikipedia.org/wiki/RMS_Mauretania_(1906),RMS MAURETANIA (1906)
815,/wiki/Rosyth,https://en.wikipedia.org/wiki/Rosyth,ROSYTH
817,/wiki/RMS_Mauretania_(1938),https://en.wikipedia.org/wiki/RMS_Mauretania_(1938),RMS MAURETANIA (1938)
820,/wiki/TS_Maxim_Gorkiy,https://en.wikipedia.org/wiki/TS_Maxim_Gorkiy,TS MAXIM GORKIY
821,/wiki/Black_Sea_Shipping_Company,https://en.wikipedia.org/wiki/Black_Sea_Shipping_Company,BLACK SEA SHIPPING COMPANY
822,/wiki/Phoenix_Reisen,https://en.wikipedia.org/wiki/Phoenix_Reisen,PHOENIX REISEN
827,/wiki/Mein_Schiff_3,https://en.wikipedia.org/wiki/Mein_Schiff_3,MEIN SCHIFF 3
829,/wiki/Mein_Schiff_4,https://en.wikipedia.org/wiki/Mein_Schiff_4,MEIN SCHIFF 4
831,/wiki/Mein_Schiff_5,https://en.wikipedia.org/wiki/Mein_Schiff_5,MEIN SCHIFF 5
833,/wiki/Mein_Schiff_6,https://en.wikipedia.org/wiki/Mein_Schiff_6,MEIN SCHIFF 6
835,/wiki/Mein_Schiff_Herz,https://en.wikipedia.org/wiki/Mein_Schiff_Herz,MEIN SCHIFF HERZ
839,/wiki/Hurtigruten,https://en.wikipedia.org/wiki/Hurtigruten,HURTIGRUTEN
840,/wiki/MS_Mikhail_Lermontov,https://en.wikipedia.org/wiki/MS_Mikhail_Lermontov,MS MIKHAIL LERMONTOV
841,/wiki/Black_Sea_Shipping_Company,https://en.wikipedia.org/wiki/Black_Sea_Shipping_Company,BLACK SEA SHIPPING COMPANY
842,/wiki/Minerva_(ship),https://en.wikipedia.org/wiki/Minerva_(ship),MINERVA (SHIP)
843,/wiki/Swan_Hellenic,https://en.wikipedia.org/wiki/Swan_Hellenic,SWAN HELLENIC
844,/wiki/Swan_Hellenic,https://en.wikipedia.org/wiki/Swan_Hellenic,SWAN HELLENIC
845,/wiki/Mona_Lisa_(ship),https://en.wikipedia.org/wiki/Mona_Lisa_(ship),MONA LISA (SHIP)
847,/wiki/MS_Monarch,https://en.wikipedia.org/wiki/MS_Monarch,MS MONARCH
850,/wiki/MV_Monet,https://en.wikipedia.org/wiki/MV_Monet,MV MONET
852,/wiki/MV_Monte_Cervantes,https://en.wikipedia.org/wiki/MV_Monte_Cervantes,MV MONTE CERVANTES
854,/wiki/Tierra_del_Fuego,https://en.wikipedia.org/wiki/Tierra_del_Fuego,TIERRA DEL FUEGO
855,/wiki/HMT_Empire_Windrush,https://en.wikipedia.org/wiki/HMT_Empire_Windrush,HMT EMPIRE WINDRUSH
857,/wiki/SS_Monterey_(1952),https://en.wikipedia.org/wiki/SS_Monterey_(1952),SS MONTEREY (1952)
859,/wiki/MSC_Armonia,https://en.wikipedia.org/wiki/MSC_Armonia,MSC ARMONIA
861,/wiki/MSC_Bellissima,https://en.wikipedia.org/wiki/MSC_Bellissima,MSC BELLISSIMA
863,/wiki/MSC_Divina,https://en.wikipedia.org/wiki/MSC_Divina,MSC DIVINA
865,/wiki/MSC_Euribia,https://en.wikipedia.org/wiki/MSC_Euribia,MSC EURIBIA
867,/wiki/MSC_Fantasia,https://en.wikipedia.org/wiki/MSC_Fantasia,MSC FANTASIA
869,/wiki/MSC_Grandiosa,https://en.wikipedia.org/wiki/MSC_Grandiosa,MSC GRANDIOSA
871,/wiki/MSC_Lirica,https://en.wikipedia.org/wiki/MSC_Lirica,MSC LIRICA
873,/wiki/MSC_Magnifica,https://en.wikipedia.org/wiki/MSC_Magnifica,MSC MAGNIFICA
875,/wiki/MSC_Melody,https://en.wikipedia.org/wiki/MSC_Melody,MSC MELODY
877,/wiki/MSC_Meraviglia,https://en.wikipedia.org/wiki/MSC_Meraviglia,MSC MERAVIGLIA
879,/wiki/MSC_Musica,https://en.wikipedia.org/wiki/MSC_Musica,MSC MUSICA
881,/wiki/MSC_Opera,https://en.wikipedia.org/wiki/MSC_Opera,MSC OPERA
883,/wiki/MSC_Orchestra,https://en.wikipedia.org/wiki/MSC_Orchestra,MSC ORCHESTRA
885,/wiki/MSC_Poesia,https://en.wikipedia.org/wiki/MSC_Poesia,MSC POESIA
888,/wiki/MSC_Preziosa,https://en.wikipedia.org/wiki/MSC_Preziosa,MSC PREZIOSA
890,/wiki/MSC_Seascape,https://en.wikipedia.org/wiki/MSC_Seascape,MSC SEASCAPE
892,/wiki/MSC_Seashore,https://en.wikipedia.org/wiki/MSC_Seashore,MSC SEASHORE
894,/wiki/MSC_Seaside,https://en.wikipedia.org/wiki/MSC_Seaside,MSC SEASIDE
896,/wiki/MSC_Seaview,https://en.wikipedia.org/wiki/MSC_Seaview,MSC SEAVIEW
898,/wiki/MSC_Sinfonia,https://en.wikipedia.org/wiki/MSC_Sinfonia,MSC SINFONIA
900,/wiki/MSC_Splendida,https://en.wikipedia.org/wiki/MSC_Splendida,MSC SPLENDIDA
902,/wiki/MSC_Virtuosa,https://en.wikipedia.org/wiki/MSC_Virtuosa,MSC VIRTUOSA
904,/wiki/MSC_World_America,https://en.wikipedia.org/wiki/MSC_World_America,MSC WORLD AMERICA
906,/wiki/MSC_World_Europa,https://en.wikipedia.org/wiki/MSC_World_Europa,MSC WORLD EUROPA
909,/wiki/La_Rochelle,https://en.wikipedia.org/wiki/La_Rochelle,LA ROCHELLE
910,/wiki/National_Geographic_Endeavour,https://en.wikipedia.org/wiki/National_Geographic_Endeavour,NATIONAL GEOGRAPHIC ENDEAVOUR
911,/wiki/Lindblad_Expeditions,https://en.wikipedia.org/wiki/Lindblad_Expeditions,LINDBLAD EXPEDITIONS
912,/wiki/MS_National_Geographic_Explorer,https://en.wikipedia.org/wiki/MS_National_Geographic_Explorer,MS NATIONAL GEOGRAPHIC EXPLORER
913,/wiki/Lindblad_Expeditions,https://en.wikipedia.org/wiki/Lindblad_Expeditions,LINDBLAD EXPEDITIONS
914,/wiki/National_Geographic_Orion,https://en.wikipedia.org/wiki/National_Geographic_Orion,NATIONAL GEOGRAPHIC ORION
915,/wiki/Lindblad_Expeditions,https://en.wikipedia.org/wiki/Lindblad_Expeditions,LINDBLAD EXPEDITIONS
916,/wiki/MS_Nautica,https://en.wikipedia.org/wiki/MS_Nautica,MS NAUTICA
918,/wiki/Navigator_of_the_Seas,https://en.wikipedia.org/wiki/Navigator_of_the_Seas,NAVIGATOR OF THE SEAS
920,/wiki/MS_Nieuw_Amsterdam_(2009),https://en.wikipedia.org/wiki/MS_Nieuw_Amsterdam_(2009),MS NIEUW AMSTERDAM (2009)
922,/wiki/MS_Noordam,https://en.wikipedia.org/wiki/MS_Noordam,MS NOORDAM
924,/wiki/MS_Nordkapp,https://en.wikipedia.org/wiki/MS_Nordkapp,MS NORDKAPP
925,/wiki/Hurtigruten,https://en.wikipedia.org/wiki/Hurtigruten,HURTIGRUTEN
926,/wiki/MS_Nordlys_(1994),https://en.wikipedia.org/wiki/MS_Nordlys_(1994),MS NORDLYS (1994)
927,/wiki/Hurtigruten,https://en.wikipedia.org/wiki/Hurtigruten,HURTIGRUTEN
928,/wiki/MS_Nordnorge_(1996),https://en.wikipedia.org/wiki/MS_Nordnorge_(1996),MS NORDNORGE (1996)
929,/wiki/Hurtigruten,https://en.wikipedia.org/wiki/Hurtigruten,HURTIGRUTEN
930,/wiki/MS_Nordstjernen,https://en.wikipedia.org/wiki/MS_Nordstjernen,MS NORDSTJERNEN
931,/wiki/Hurtigruten,https://en.wikipedia.org/wiki/Hurtigruten,HURTIGRUTEN
932,/wiki/SS_Norway,https://en.wikipedia.org/wiki/SS_Norway,SS NORWAY
934,/wiki/SS_France_(1961),https://en.wikipedia.org/wiki/SS_France_(1961),SS FRANCE (1961)
935,/wiki/Alang,https://en.wikipedia.org/wiki/Alang,ALANG
936,/wiki/Norwegian_Bliss_(cruise_ship),https://en.wikipedia.org/wiki/Norwegian_Bliss_(cruise_ship),NORWEGIAN BLISS (CRUISE SHIP)
938,/wiki/Norwegian_Breakaway,https://en.wikipedia.org/wiki/Norwegian_Breakaway,NORWEGIAN BREAKAWAY
940,/wiki/Norwegian_Dawn,https://en.wikipedia.org/wiki/Norwegian_Dawn,NORWEGIAN DAWN
942,/wiki/Norwegian_Encore,https://en.wikipedia.org/wiki/Norwegian_Encore,NORWEGIAN ENCORE
944,/wiki/Norwegian_Epic,https://en.wikipedia.org/wiki/Norwegian_Epic,NORWEGIAN EPIC
946,/wiki/Norwegian_Escape,https://en.wikipedia.org/wiki/Norwegian_Escape,NORWEGIAN ESCAPE
948,/wiki/Norwegian_Gem,https://en.wikipedia.org/wiki/Norwegian_Gem,NORWEGIAN GEM
950,/wiki/Norwegian_Getaway,https://en.wikipedia.org/wiki/Norwegian_Getaway,NORWEGIAN GETAWAY
952,/wiki/Norwegian_Jade,https://en.wikipedia.org/wiki/Norwegian_Jade,NORWEGIAN JADE
954,/wiki/Norwegian_Jewel,https://en.wikipedia.org/wiki/Norwegian_Jewel,NORWEGIAN JEWEL
956,/wiki/Norwegian_Joy,https://en.wikipedia.org/wiki/Norwegian_Joy,NORWEGIAN JOY
958,/wiki/Norwegian_Pearl,https://en.wikipedia.org/wiki/Norwegian_Pearl,NORWEGIAN PEARL
960,/wiki/Norwegian_Prima,https://en.wikipedia.org/wiki/Norwegian_Prima,NORWEGIAN PRIMA
962,/wiki/Norwegian_Sky,https://en.wikipedia.org/wiki/Norwegian_Sky,NORWEGIAN SKY
964,/wiki/Pride_of_Aloha,https://en.wikipedia.org/wiki/Pride_of_Aloha,PRIDE OF ALOHA
965,/wiki/Norwegian_Spirit,https://en.wikipedia.org/wiki/Norwegian_Spirit,NORWEGIAN SPIRIT
967,/wiki/Norwegian_Star,https://en.wikipedia.org/wiki/Norwegian_Star,NORWEGIAN STAR
969,/wiki/Norwegian_Sun,https://en.wikipedia.org/wiki/Norwegian_Sun,NORWEGIAN SUN
971,/wiki/Norwegian_Viva,https://en.wikipedia.org/wiki/Norwegian_Viva,NORWEGIAN VIVA
973,/wiki/Oasis_of_the_Seas,https://en.wikipedia.org/wiki/Oasis_of_the_Seas,OASIS OF THE SEAS
976,/wiki/Quark_Expeditions,https://en.wikipedia.org/wiki/Quark_Expeditions,QUARK EXPEDITIONS
977,/wiki/Ocean_Countess,https://en.wikipedia.org/wiki/Ocean_Countess,OCEAN COUNTESS
981,/wiki/Helsinki,https://en.wikipedia.org/wiki/Helsinki,HELSINKI
982,/wiki/Ocean_Dream_(1972_ship),https://en.wikipedia.org/wiki/Ocean_Dream_(1972_ship),OCEAN DREAM (1972 SHIP)
983,/wiki/Ocean_Dream_(1982_ship),https://en.wikipedia.org/wiki/Ocean_Dream_(1982_ship),OCEAN DREAM (1982 SHIP)
984,/wiki/Peace_Boat,https://en.wikipedia.org/wiki/Peace_Boat,PEACE BOAT
985,/wiki/MS_Ocean_Endeavour,https://en.wikipedia.org/wiki/MS_Ocean_Endeavour,MS OCEAN ENDEAVOUR
987,/wiki/MV_Ocean_Life,https://en.wikipedia.org/wiki/MV_Ocean_Life,MV OCEAN LIFE
988,/wiki/EasyCruise,https://en.wikipedia.org/wiki/EasyCruise,EASYCRUISE
989,/wiki/MV_Ocean_Majesty,https://en.wikipedia.org/wiki/MV_Ocean_Majesty,MV OCEAN MAJESTY
996,/wiki/MV_Ocean_Pearl,https://en.wikipedia.org/wiki/MV_Ocean_Pearl,MV OCEAN PEARL
998,/wiki/Ocean_Princess_(ship),https://en.wikipedia.org/wiki/Ocean_Princess_(ship),OCEAN PRINCESS (SHIP)
1000,/wiki/MV_Ocean_Star_Pacific,https://en.wikipedia.org/wiki/MV_Ocean_Star_Pacific,MV OCEAN STAR PACIFIC
1002,/wiki/Ocean_Voyager,https://en.wikipedia.org/wiki/Ocean_Voyager,OCEAN VOYAGER
1003,/wiki/MV_Oceana,https://en.wikipedia.org/wiki/MV_Oceana,MV OCEANA
1007,/wiki/SS_Southern_Cross_(1954),https://en.wikipedia.org/wiki/SS_Southern_Cross_(1954),SS SOUTHERN CROSS (1954)
1008,/wiki/SS_Oceanic_(1963),https://en.wikipedia.org/wiki/SS_Oceanic_(1963),SS OCEANIC (1963)
1009,/wiki/Peace_Boat,https://en.wikipedia.org/wiki/Peace_Boat,PEACE BOAT
1010,/wiki/Oceanic_Discoverer,https://en.wikipedia.org/wiki/Oceanic_Discoverer,OCEANIC DISCOVERER
1011,/wiki/SS_Independence,https://en.wikipedia.org/wiki/SS_Independence,SS INDEPENDENCE
1013,/wiki/Oceanos,https://en.wikipedia.org/wiki/Oceanos,OCEANOS
1015,/wiki/Odyssey_of_the_Seas,https://en.wikipedia.org/wiki/Odyssey_of_the_Seas,ODYSSEY OF THE SEAS
1017,/wiki/MV_Ola_Esmeralda_(2009),https://en.wikipedia.org/wiki/MV_Ola_Esmeralda_(2009),MV OLA ESMERALDA (2009)
1018,/wiki/MS_Oosterdam,https://en.wikipedia.org/wiki/MS_Oosterdam,MS OOSTERDAM
1020,/wiki/MS_Oranje,https://en.wikipedia.org/wiki/MS_Oranje,MS ORANJE
1023,/wiki/SS_Oriana_(1959),https://en.wikipedia.org/wiki/SS_Oriana_(1959),SS ORIANA (1959)
1024,/wiki/Orient_Steam_Navigation_Company,https://en.wikipedia.org/wiki/Orient_Steam_Navigation_Company,ORIENT STEAM NAVIGATION COMPANY
1025,/wiki/MV_Oriana_(1995),https://en.wikipedia.org/wiki/MV_Oriana_(1995),MV ORIANA (1995)
1028,/wiki/Louis_Aura,https://en.wikipedia.org/wiki/Louis_Aura,LOUIS AURA
1030,/wiki/Alang,https://en.wikipedia.org/wiki/Alang,ALANG
1031,/wiki/Orient_Queen_(1989),https://en.wikipedia.org/wiki/Orient_Queen_(1989),ORIENT QUEEN (1989)
1033,/wiki/2020_Beirut_explosion,https://en.wikipedia.org/wiki/2020_Beirut_explosion,2020 BEIRUT EXPLOSION
1035,/wiki/MV_Oriental_Dragon,https://en.wikipedia.org/wiki/MV_Oriental_Dragon,MV ORIENTAL DRAGON
1037,/wiki/Ovation_of_the_Seas,https://en.wikipedia.org/wiki/Ovation_of_the_Seas,OVATION OF THE SEAS
1040,/wiki/Pacific_Eden,https://en.wikipedia.org/wiki/Pacific_Eden,PACIFIC EDEN
1042,/wiki/Cruise_West,https://en.wikipedia.org/wiki/Cruise_West,CRUISE WEST
1043,/wiki/MS_Pacific,https://en.wikipedia.org/wiki/MS_Pacific,MS PACIFIC
1046,/wiki/Pacific_Princess,https://en.wikipedia.org/wiki/Pacific_Princess,PACIFIC PRINCESS
1049,/wiki/Pacific_Venus,https://en.wikipedia.org/wiki/Pacific_Venus,PACIFIC VENUS
1051,/wiki/SS_Viet_Nam,https://en.wikipedia.org/wiki/SS_Viet_Nam,SS VIET NAM
1053,/wiki/SS_Flandre_(1951),https://en.wikipedia.org/wiki/SS_Flandre_(1951),SS FLANDRE (1951)
1054,/wiki/Epirotiki,https://en.wikipedia.org/wiki/Epirotiki,EPIROTIKI
1055,/wiki/Palm_Beach_Princess,https://en.wikipedia.org/wiki/Palm_Beach_Princess,PALM BEACH PRINCESS
1057,/wiki/Paul_Gauguin_(ship),https://en.wikipedia.org/wiki/Paul_Gauguin_(ship),PAUL GAUGUIN (SHIP)
1059,/wiki/Pearl_Mist,https://en.wikipedia.org/wiki/Pearl_Mist,PEARL MIST
1061,/wiki/MS_Pearl_Seaways,https://en.wikipedia.org/wiki/MS_Pearl_Seaways,MS PEARL SEAWAYS
1062,/wiki/DFDS,https://en.wikipedia.org/wiki/DFDS,DFDS
1063,/wiki/MS_Polaris,https://en.wikipedia.org/wiki/MS_Polaris,MS POLARIS
1065,/wiki/MV_Porto,https://en.wikipedia.org/wiki/MV_Porto,MV PORTO
1067,/wiki/Pride_of_America,https://en.wikipedia.org/wiki/Pride_of_America,PRIDE OF AMERICA
1068,/wiki/NCL_America,https://en.wikipedia.org/wiki/NCL_America,NCL AMERICA
1069,/wiki/Princess_Daphne_(ship),https://en.wikipedia.org/wiki/Princess_Daphne_(ship),PRINCESS DAPHNE (SHIP)
1071,/wiki/Quantum_of_the_Seas,https://en.wikipedia.org/wiki/Quantum_of_the_Seas,QUANTUM OF THE SEAS
1074,/wiki/MS_Queen_Elizabeth,https://en.wikipedia.org/wiki/MS_Queen_Elizabeth,MS QUEEN ELIZABETH
1076,/wiki/Queen_Mary_2,https://en.wikipedia.org/wiki/Queen_Mary_2,QUEEN MARY 2
1078,/wiki/MS_Queen_Victoria,https://en.wikipedia.org/wiki/MS_Queen_Victoria,MS QUEEN VICTORIA
1080,/wiki/Radiance_of_the_Seas,https://en.wikipedia.org/wiki/Radiance_of_the_Seas,RADIANCE OF THE SEAS
1082,/wiki/MS_Regal_Empress,https://en.wikipedia.org/wiki/MS_Regal_Empress,MS REGAL EMPRESS
1084,/wiki/Regal_Princess_(2013),https://en.wikipedia.org/wiki/Regal_Princess_(2013),REGAL PRINCESS (2013)
1086,/wiki/MS_Regatta,https://en.wikipedia.org/wiki/MS_Regatta,MS REGATTA
1089,/wiki/MS_Gripsholm_(1957),https://en.wikipedia.org/wiki/MS_Gripsholm_(1957),MS GRIPSHOLM (1957)
1091,/wiki/MS_Renaissance,https://en.wikipedia.org/wiki/MS_Renaissance,MS RENAISSANCE
1094,/wiki/Rhapsody_of_the_Seas,https://en.wikipedia.org/wiki/Rhapsody_of_the_Seas,RHAPSODY OF THE SEAS
1096,/wiki/Ritz_Carlton,https://en.wikipedia.org/wiki/Ritz_Carlton,RITZ CARLTON
1097,/wiki/The_Ritz-Carlton_Hotel_Company,https://en.wikipedia.org/wiki/The_Ritz-Carlton_Hotel_Company,THE RITZ-CARLTON HOTEL COMPANY
1098,/wiki/MS_Riviera,https://en.wikipedia.org/wiki/MS_Riviera,MS RIVIERA
1100,/wiki/SS_Rotterdam,https://en.wikipedia.org/wiki/SS_Rotterdam,SS ROTTERDAM
1103,/wiki/MS_Rotterdam_(2020),https://en.wikipedia.org/wiki/MS_Rotterdam_(2020),MS ROTTERDAM (2020)
